[
    {
        "localidad": "Otura",
        "nombre": "Javi",
        "telefono": "968442132"
    },
    {
        "localidad": "Dilar",
        "nombre": "Sara",
        "telefono": "657234987"
    },
    {
        "localidad": "Gabias",
        "nombre": "Luis",
        "telefono": "623879896"
    },
    {
        "localidad": "Alhendin",
        "nombre": "Sara",
        "telefono": "6522782392"
    },
    {
        "localidad": "Guadix",
        "nombre": "Miguel",
        "telefono": "623145267"
    }
]
